item_id,label_0_total_usage,label_0_total_surgeries,label_0_average_usage,label_1_total_usage,label_1_total_surgeries,label_1_average_usage,label_2_total_usage,label_2_total_surgeries,label_2_average_usage,label_3_total_usage,label_3_total_surgeries,label_3_average_usage,label_4_total_usage,label_4_total_surgeries,label_4_average_usage,label_5_total_usage,label_5_total_surgeries,label_5_average_usage,label_6_total_usage,label_6_total_surgeries,label_6_average_usage,label_7_total_usage,label_7_total_surgeries,label_7_average_usage,label_8_total_usage,label_8_total_surgeries,label_8_average_usage,label_9_total_usage,label_9_total_surgeries,label_9_average_usage,label_10_total_usage,label_10_total_surgeries,label_10_average_usage,label_11_total_usage,label_11_total_surgeries,label_11_average_usage,label_12_total_usage,label_12_total_surgeries,label_12_average_usage,label_13_total_usage,label_13_total_surgeries,label_13_average_usage,label_14_total_usage,label_14_total_surgeries,label_14_average_usage,label_15_total_usage,label_15_total_surgeries,label_15_average_usage
100128,31.0,17854,0.001736305589783802,379.0,377,1.0053050397877985,na,na,na,na,na,na,na,na,na,na,na,na,na,na,na,na,na,na,na,na,na,na,na,na,na,na,na,na,na,na,na,na,na,na,na,na,na,na,na,na,na,na
100129,14.0,17973,0.0007789461970733879,258.0,258,1.0,na,na,na,na,na,na,na,na,na,na,na,na,na,na,na,na,na,na,na,na,na,na,na,na,na,na,na,na,na,na,na,na,na,na,na,na,na,na,na,na,na,na
100132,23.0,17626,0.0013048905026665154,607.0,605,1.0033057851239668,na,na,na,na,na,na,na,na,na,na,na,na,na,na,na,na,na,na,na,na,na,na,na,na,na,na,na,na,na,na,na,na,na,na,na,na,na,na,na,na,na,na
100135,16.0,17883,0.0008947044679304368,348.0,348,1.0,na,na,na,na,na,na,na,na,na,na,na,na,na,na,na,na,na,na,na,na,na,na,na,na,na,na,na,na,na,na,na,na,na,na,na,na,na,na,na,na,na,na
100140,4.0,17986,0.0002223951962637607,240.0,238,1.0084033613445378,7.0,7,1.0,na,na,na,na,na,na,na,na,na,na,na,na,na,na,na,na,na,na,na,na,na,na,na,na,na,na,na,na,na,na,na,na,na,na,na,na,na,na,na
100933,144.0,17815,0.008083076059500422,267.0,255,1.0470588235294118,70.0,51,1.3725490196078431,30.0,18,1.6666666666666667,27.0,17,1.588235294117647,4.0,2,2.0,154.0,59,2.610169491525424,1.0,1,1.0,10.0,7,1.4285714285714286,2.0,1,2.0,17.0,4,4.25,na,na,na,na,na,na,na,na,na,1.0,1,1.0,na,na,na
101531,247.0,18049,0.013684968696326667,183.0,182,1.0054945054945055,na,na,na,na,na,na,na,na,na,na,na,na,na,na,na,na,na,na,na,na,na,na,na,na,na,na,na,na,na,na,na,na,na,na,na,na,na,na,na,na,na,na
10240,128.0,17947,0.00713211121635928,233.0,225,1.0355555555555556,13.0,10,1.3,19.0,6,3.1666666666666665,136.0,38,3.5789473684210527,4.0,1,4.0,na,na,na,na,na,na,10.0,3,3.3333333333333335,na,na,na,na,na,na,na,na,na,4.0,1,4.0,na,na,na,na,na,na,na,na,na
10802,340.0,18106,0.0187783055340771,113.0,112,1.0089285714285714,15.0,13,1.1538461538461537,na,na,na,na,na,na,na,na,na,na,na,na,na,na,na,na,na,na,na,na,na,na,na,na,na,na,na,na,na,na,na,na,na,na,na,na,na,na,na
108140,12.0,17801,0.0006741194314926127,424.0,423,1.0023640661938533,7.0,7,1.0,na,na,na,na,na,na,na,na,na,na,na,na,na,na,na,na,na,na,na,na,na,na,na,na,na,na,na,na,na,na,na,na,na,na,na,na,na,na,na
1119,149.0,18138,0.008214797662366304,7.0,6,1.1666666666666667,95.0,44,2.159090909090909,56.0,20,2.8,40.0,12,3.3333333333333335,na,na,na,18.0,7,2.5714285714285716,2.0,1,2.0,10.0,3,3.3333333333333335,na,na,na,na,na,na,na,na,na,na,na,na,na,na,na,na,na,na,na,na,na
1121,2051.0,17983,0.11405216037368626,76.0,43,1.7674418604651163,368.0,183,2.010928961748634,6.0,3,2.0,47.0,18,2.611111111111111,na,na,na,3.0,1,3.0,na,na,na,na,na,na,na,na,na,na,na,na,na,na,na,na,na,na,na,na,na,na,na,na,na,na,na
1122,1094.0,15511,0.07053059119334666,1607.0,703,2.2859174964438123,3220.0,1474,2.1845318860244234,220.0,63,3.492063492063492,135.0,22,6.136363636363637,701.0,72,9.73611111111111,3080.0,307,10.03257328990228,299.0,28,10.678571428571429,79.0,10,7.9,128.0,9,14.222222222222221,191.0,19,10.052631578947368,74.0,9,8.222222222222221,53.0,4,13.25,na,na,na,na,na,na,na,na,na
1132,207.0,17813,0.011620726435749172,517.0,350,1.477142857142857,121.0,65,1.8615384615384616,na,na,na,20.0,3,6.666666666666667,na,na,na,na,na,na,na,na,na,na,na,na,na,na,na,na,na,na,na,na,na,na,na,na,na,na,na,na,na,na,na,na,na
114875,14.0,17563,0.0007971303308090873,678.0,668,1.0149700598802396,na,na,na,na,na,na,na,na,na,na,na,na,na,na,na,na,na,na,na,na,na,na,na,na,na,na,na,na,na,na,na,na,na,na,na,na,na,na,na,na,na,na
114970,5.0,17859,0.00027997088302816507,314.0,309,1.0161812297734627,69.0,63,1.0952380952380953,na,na,na,na,na,na,na,na,na,na,na,na,na,na,na,na,na,na,na,na,na,na,na,na,na,na,na,na,na,na,na,na,na,na,na,na,na,na,na
115036,33.0,17983,0.0018350664516487794,229.0,225,1.0177777777777777,25.0,23,1.0869565217391304,na,na,na,na,na,na,na,na,na,na,na,na,na,na,na,na,na,na,na,na,na,na,na,na,na,na,na,na,na,na,na,na,na,na,na,na,na,na,na
119216,388.0,18223,0.021291774131591945,8.0,8,1.0,na,na,na,na,na,na,na,na,na,na,na,na,na,na,na,na,na,na,na,na,na,na,na,na,na,na,na,na,na,na,na,na,na,na,na,na,na,na,na,na,na,na
119551,1358.0,17890,0.07590832867523756,509.0,340,1.4970588235294118,1.0,1,1.0,na,na,na,na,na,na,na,na,na,na,na,na,na,na,na,na,na,na,na,na,na,na,na,na,na,na,na,na,na,na,na,na,na,na,na,na,na,na,na
120767,6.0,17789,0.0003372870875259992,441.0,434,1.0161290322580645,8.0,8,1.0,na,na,na,na,na,na,na,na,na,na,na,na,na,na,na,na,na,na,na,na,na,na,na,na,na,na,na,na,na,na,na,na,na,na,na,na,na,na,na
1216,331.0,18081,0.018306509595708204,269.0,146,1.8424657534246576,28.0,4,7.0,na,na,na,na,na,na,na,na,na,na,na,na,na,na,na,na,na,na,na,na,na,na,na,na,na,na,na,na,na,na,na,na,na,na,na,na,na,na,na
128453,302.0,14356,0.021036500417943717,3628.0,3552,1.0213963963963963,352.0,318,1.1069182389937107,6.0,4,1.5,1.0,1,1.0,na,na,na,na,na,na,na,na,na,na,na,na,na,na,na,na,na,na,na,na,na,na,na,na,na,na,na,na,na,na,na,na,na
128768,21.0,18028,0.001164854670512536,194.1000000015,195,0.9953846153923077,8.0,8,1.0,na,na,na,na,na,na,na,na,na,na,na,na,na,na,na,na,na,na,na,na,na,na,na,na,na,na,na,na,na,na,na,na,na,na,na,na,na,na,na
128770,54.0,18052,0.0029913582982495014,185.0,174,1.0632183908045978,na,na,na,4.0,3,1.3333333333333333,na,na,na,2.0,2,1.0,na,na,na,na,na,na,na,na,na,na,na,na,na,na,na,na,na,na,na,na,na,na,na,na,na,na,na,na,na,na
129250,13.0,17871,0.0007274355100442057,357.0,351,1.017094017094017,9.0,9,1.0,na,na,na,na,na,na,na,na,na,na,na,na,na,na,na,na,na,na,na,na,na,na,na,na,na,na,na,na,na,na,na,na,na,na,na,na,na,na,na
129507,17.0,17828,0.0009535562037244783,405.0,397,1.0201511335012594,6.0,6,1.0,na,na,na,na,na,na,na,na,na,na,na,na,na,na,na,na,na,na,na,na,na,na,na,na,na,na,na,na,na,na,na,na,na,na,na,na,na,na,na
129636,8.0,17356,0.0004609356994699239,872.0,850,1.0258823529411765,25.0,25,1.0,na,na,na,na,na,na,na,na,na,na,na,na,na,na,na,na,na,na,na,na,na,na,na,na,na,na,na,na,na,na,na,na,na,na,na,na,na,na,na
129639,14.0,17989,0.0007782533770637612,250.0,236,1.0593220338983051,6.0,6,1.0,na,na,na,na,na,na,na,na,na,na,na,na,na,na,na,na,na,na,na,na,na,na,na,na,na,na,na,na,na,na,na,na,na,na,na,na,na,na,na
1298,758.0,18118,0.04183684733414284,189.0,61,3.098360655737705,6.0,1,6.0,12.0,2,6.0,185.0,49,3.7755102040816326,na,na,na,na,na,na,na,na,na,na,na,na,na,na,na,na,na,na,na,na,na,na,na,na,na,na,na,na,na,na,na,na,na
1308,1885.0,14748,0.12781394087333875,1522.0,989,1.5389282103134478,3914.0,1884,2.0774946921443735,1746.0,511,3.416829745596869,255.0,99,2.5757575757575757,na,na,na,na,na,na,na,na,na,na,na,na,na,na,na,na,na,na,na,na,na,na,na,na,na,na,na,na,na,na,na,na,na
1315,352.0299999714,18230,0.019310477233757544,5.0,1,5.0,na,na,na,na,na,na,na,na,na,na,na,na,na,na,na,na,na,na,na,na,na,na,na,na,na,na,na,na,na,na,na,na,na,na,na,na,na,na,na,na,na,na
133221,191.0,16536,0.011550556361877117,1812.0,1531,1.1835401698236447,289.0,162,1.7839506172839505,7.0,2,3.5,na,na,na,na,na,na,na,na,na,na,na,na,na,na,na,na,na,na,na,na,na,na,na,na,na,na,na,na,na,na,na,na,na,na,na,na
133496,40.0,18025,0.002219140083217753,209.0,206,1.0145631067961165,na,na,na,na,na,na,na,na,na,na,na,na,na,na,na,na,na,na,na,na,na,na,na,na,na,na,na,na,na,na,na,na,na,na,na,na,na,na,na,na,na,na
134027,157.0,18120,0.008664459161147903,116.0,111,1.045045045045045,na,na,na,na,na,na,na,na,na,na,na,na,na,na,na,na,na,na,na,na,na,na,na,na,na,na,na,na,na,na,na,na,na,na,na,na,na,na,na,na,na,na
134033,915.0,17793,0.05142471758556736,294.0,242,1.2148760330578512,219.0,129,1.697674418604651,19.0,10,1.9,149.0,53,2.811320754716981,9.0,3,3.0,3.0,1,3.0,na,na,na,na,na,na,na,na,na,na,na,na,na,na,na,na,na,na,na,na,na,na,na,na,na,na,na
134038,175.0,18115,0.009660502346121999,139.0,114,1.219298245614035,3.0,2,1.5,na,na,na,na,na,na,na,na,na,na,na,na,na,na,na,na,na,na,na,na,na,na,na,na,na,na,na,na,na,na,na,na,na,na,na,na,na,na,na
134049,187.0,18223,0.010261757120122922,7.0,7,1.0,2.0,1,2.0,na,na,na,na,na,na,na,na,na,na,na,na,na,na,na,na,na,na,na,na,na,na,na,na,na,na,na,na,na,na,na,na,na,na,na,na,na,na,na
134052,263.0,18207,0.01444499368374801,31.0,24,1.2916666666666667,na,na,na,na,na,na,na,na,na,na,na,na,na,na,na,na,na,na,na,na,na,na,na,na,na,na,na,na,na,na,na,na,na,na,na,na,na,na,na,na,na,na
134060,295.0,17502,0.01685521654668038,588.0,503,1.168986083499006,287.0,169,1.698224852071006,7.0,4,1.75,131.0,49,2.673469387755102,11.0,3,3.6666666666666665,2.0,1,2.0,na,na,na,na,na,na,na,na,na,na,na,na,na,na,na,na,na,na,na,na,na,na,na,na,na,na,na
13628,1119.0,18182,0.061544384556154436,69.0,34,2.0294117647058822,25.0,10,2.5,6.0,2,3.0,10.0,3,3.3333333333333335,na,na,na,na,na,na,na,na,na,na,na,na,na,na,na,na,na,na,na,na,na,na,na,na,na,na,na,na,na,na,na,na,na
13698,417.0,17404,0.0239600091932889,459.0,416,1.1033653846153846,719.0,395,1.820253164556962,7.0,4,1.75,22.0,12,1.8333333333333333,na,na,na,na,na,na,na,na,na,na,na,na,na,na,na,na,na,na,na,na,na,na,na,na,na,na,na,na,na,na,na,na,na
139426,42.0,17218,0.0024393077012428853,711.0,668,1.06437125748503,385.0,345,1.1159420289855073,na,na,na,na,na,na,na,na,na,na,na,na,na,na,na,na,na,na,na,na,na,na,na,na,na,na,na,na,na,na,na,na,na,na,na,na,na,na,na
14031,1987.0,17838,0.11139141159322793,314.0,198,1.5858585858585859,312.0,154,2.0259740259740258,40.0,21,1.9047619047619047,13.0,6,2.1666666666666665,na,na,na,113.0,14,8.071428571428571,na,na,na,na,na,na,na,na,na,na,na,na,na,na,na,na,na,na,na,na,na,na,na,na,na,na,na
14205,53.0,17998,0.002944771641293477,241.0,233,1.0343347639484979,na,na,na,na,na,na,na,na,na,na,na,na,na,na,na,na,na,na,na,na,na,na,na,na,na,na,na,na,na,na,na,na,na,na,na,na,na,na,na,na,na,na
1430,68.0,17264,0.003938832252085264,95.0,90,1.0555555555555556,1549.0,862,1.796983758700696,3.0,2,1.5,46.0,13,3.5384615384615383,na,na,na,na,na,na,na,na,na,na,na,na,na,na,na,na,na,na,na,na,na,na,na,na,na,na,na,na,na,na,na,na,na
144932,4.0,17880,0.00022371364653243848,352.0,350,1.0057142857142858,1.0,1,1.0,na,na,na,na,na,na,na,na,na,na,na,na,na,na,na,na,na,na,na,na,na,na,na,na,na,na,na,na,na,na,na,na,na,na,na,na,na,na,na
15140,532.0,17775,0.029929676511954995,423.0,411,1.0291970802919708,80.0,45,1.7777777777777777,na,na,na,na,na,na,na,na,na,na,na,na,na,na,na,na,na,na,na,na,na,na,na,na,na,na,na,na,na,na,na,na,na,na,na,na,na,na,na
15813,1600.0,17170,0.093185789167152,1805.0,1000,1.805,146.0,55,2.6545454545454548,8.0,3,2.6666666666666665,na,na,na,11.0,3,3.6666666666666665,na,na,na,na,na,na,na,na,na,na,na,na,na,na,na,na,na,na,na,na,na,na,na,na,na,na,na,na,na,na
1682,118.0,17679,0.006674585666610102,599.0,515,1.163106796116505,54.0,37,1.4594594594594594,na,na,na,na,na,na,na,na,na,na,na,na,na,na,na,na,na,na,na,na,na,na,na,na,na,na,na,na,na,na,na,na,na,na,na,na,na,na,na
1686,126.0,17222,0.007316223435141099,1197.0,1009,1.1863230921704657,na,na,na,na,na,na,na,na,na,na,na,na,na,na,na,na,na,na,na,na,na,na,na,na,na,na,na,na,na,na,na,na,na,na,na,na,na,na,na,na,na,na
1689,2108.0,17118,0.12314522724617362,1827.0,789,2.3155893536121672,738.0,268,2.753731343283582,211.0,41,5.146341463414634,17.0,7,2.4285714285714284,5.0,1,5.0,1.0,1,1.0,na,na,na,32.0,6,5.333333333333333,na,na,na,na,na,na,na,na,na,na,na,na,na,na,na,na,na,na,na,na,na
1784,111.0,18149,0.006116039451209433,69.0,58,1.1896551724137931,10.0,5,2.0,na,na,na,31.0,11,2.8181818181818183,na,na,na,29.0,8,3.625,na,na,na,na,na,na,na,na,na,na,na,na,na,na,na,na,na,na,na,na,na,na,na,na,na,na,na
1838,159.0,17658,0.009004417261297996,588.0,547,1.0749542961608776,29.0,26,1.1153846153846154,na,na,na,na,na,na,na,na,na,na,na,na,na,na,na,na,na,na,na,na,na,na,na,na,na,na,na,na,na,na,na,na,na,na,na,na,na,na,na
1840,78.0,18106,0.004307964210758864,117.0,75,1.56,56.0,35,1.6,37.0,15,2.466666666666667,na,na,na,na,na,na,na,na,na,na,na,na,na,na,na,na,na,na,na,na,na,na,na,na,na,na,na,na,na,na,na,na,na,na,na,na
1849,1785.0,18084,0.09870603848706039,56.0,51,1.0980392156862746,16.0,9,1.7777777777777777,214.0,83,2.5783132530120483,9.0,4,2.25,na,na,na,na,na,na,na,na,na,na,na,na,na,na,na,na,na,na,na,na,na,na,na,na,na,na,na,na,na,na,na,na,na
1864,261.0,18231,0.01431627447753826,na,na,na,na,na,na,na,na,na,na,na,na,na,na,na,na,na,na,na,na,na,na,na,na,na,na,na,na,na,na,na,na,na,na,na,na,na,na,na,na,na,na,na,na,na
18662,30.0,17816,0.0016838796587337224,248.0,236,1.0508474576271187,348.0,177,1.9661016949152543,1.0,1,1.0,2.0,1,2.0,na,na,na,na,na,na,na,na,na,na,na,na,na,na,na,na,na,na,na,na,na,na,na,na,na,na,na,na,na,na,na,na,na
18666,2016.0,17609,0.11448691010278834,2063.0,536,3.8488805970149254,134.0,82,1.6341463414634145,4.0,2,2.0,2.0,1,2.0,na,na,na,na,na,na,na,na,na,na,na,na,na,na,na,1.0,1,1.0,na,na,na,na,na,na,na,na,na,na,na,na,na,na,na
1875,3566.0,18231,0.19560089956667215,na,na,na,na,na,na,na,na,na,na,na,na,na,na,na,na,na,na,na,na,na,na,na,na,na,na,na,na,na,na,na,na,na,na,na,na,na,na,na,na,na,na,na,na,na
1883,62.0,18112,0.0034231448763250884,38.0,26,1.4615384615384615,166.0,87,1.9080459770114941,7.0,5,1.4,2.0,1,2.0,na,na,na,na,na,na,na,na,na,na,na,na,na,na,na,na,na,na,na,na,na,na,na,na,na,na,na,na,na,na,na,na,na
1896,378.0,18060,0.020930232558139535,124.0,80,1.55,120.0,38,3.1578947368421053,8.0,5,1.6,na,na,na,17.0,7,2.4285714285714284,4.0,1,4.0,na,na,na,na,na,na,na,na,na,na,na,na,na,na,na,511.0,40,12.775,na,na,na,na,na,na,na,na,na
1898,453.0,18218,0.024865517619936328,18.0,12,1.5,2.0,1,2.0,na,na,na,na,na,na,na,na,na,na,na,na,na,na,na,na,na,na,na,na,na,na,na,na,na,na,na,na,na,na,na,na,na,na,na,na,na,na,na
1905,364.0,18217,0.019981336114618213,13.0,9,1.4444444444444444,7.0,5,1.4,na,na,na,na,na,na,na,na,na,na,na,na,na,na,na,na,na,na,na,na,na,na,na,na,na,na,na,na,na,na,na,na,na,na,na,na,na,na,na
1907,916.0,18218,0.05027994291360193,30.0,11,2.727272727272727,na,na,na,na,na,na,1.0,1,1.0,na,na,na,3.0,1,3.0,na,na,na,na,na,na,na,na,na,na,na,na,na,na,na,na,na,na,na,na,na,na,na,na,na,na,na
1917,150.0,17752,0.008449752140603875,518.0,360,1.4388888888888889,309.0,118,2.6186440677966103,2.0,1,2.0,na,na,na,na,na,na,na,na,na,na,na,na,na,na,na,na,na,na,na,na,na,na,na,na,na,na,na,na,na,na,na,na,na,na,na,na
1919,1738.0,17944,0.0968568880962996,138.0,80,1.725,514.0,158,3.2531645569620253,160.0,48,3.3333333333333335,na,na,na,na,na,na,2.0,1,2.0,na,na,na,na,na,na,na,na,na,na,na,na,na,na,na,na,na,na,na,na,na,na,na,na,na,na,na
1924,618.0,18221,0.0339169090609736,15.0,10,1.5,na,na,na,na,na,na,na,na,na,na,na,na,na,na,na,na,na,na,na,na,na,na,na,na,na,na,na,na,na,na,na,na,na,na,na,na,na,na,na,na,na,na
1925,718.0,17746,0.040459821931702916,216.0,119,1.815126050420168,293.0,141,2.078014184397163,255.0,78,3.269230769230769,395.0,92,4.293478260869565,192.0,37,5.1891891891891895,94.0,17,5.529411764705882,na,na,na,na,na,na,na,na,na,3.0,1,3.0,na,na,na,na,na,na,na,na,na,na,na,na,na,na,na
1926,673.0,18213,0.036951627958051944,21.0,13,1.6153846153846154,6.0,5,1.2,na,na,na,na,na,na,na,na,na,na,na,na,na,na,na,na,na,na,na,na,na,na,na,na,na,na,na,na,na,na,na,na,na,na,na,na,na,na,na
1945,75.0,18099,0.004143875352229405,66.0,43,1.5348837209302326,121.0,41,2.951219512195122,14.0,6,2.3333333333333335,138.0,42,3.2857142857142856,na,na,na,na,na,na,na,na,na,na,na,na,na,na,na,na,na,na,na,na,na,na,na,na,na,na,na,na,na,na,na,na,na
198,110.0,17913,0.006140791603863116,303.0,280,1.082142857142857,41.0,38,1.0789473684210527,na,na,na,na,na,na,na,na,na,na,na,na,na,na,na,na,na,na,na,na,na,na,na,na,na,na,na,na,na,na,na,na,na,na,na,na,na,na,na
20089,320.0,17566,0.018217010133211888,876.0,650,1.3476923076923077,23.0,15,1.5333333333333334,na,na,na,na,na,na,na,na,na,na,na,na,na,na,na,na,na,na,na,na,na,na,na,na,na,na,na,na,na,na,na,na,na,na,na,na,na,na,na
20674,395.0,18205,0.021697335896731666,na,na,na,44.0,15,2.933333333333333,32.0,11,2.909090909090909,na,na,na,na,na,na,na,na,na,na,na,na,na,na,na,na,na,na,na,na,na,na,na,na,na,na,na,na,na,na,na,na,na,na,na,na
21660,173.0,18224,0.00949297629499561,7.0,1,7.0,na,na,na,18.0,6,3.0,na,na,na,na,na,na,na,na,na,na,na,na,na,na,na,na,na,na,na,na,na,na,na,na,na,na,na,na,na,na,na,na,na,na,na,na
21683,90.0,18095,0.004973749654600719,75.0,27,2.7777777777777777,93.0,32,2.90625,16.0,11,1.4545454545454546,36.0,5,7.2,87.0,13,6.6923076923076925,107.0,21,5.095238095238095,na,na,na,25.0,2,12.5,na,na,na,136.0,20,6.8,21.0,4,5.25,na,na,na,na,na,na,na,na,na,na,na,na
21685,138.0,18092,0.0076276807428697765,194.0,136,1.4264705882352942,3.0,3,1.0,na,na,na,na,na,na,na,na,na,na,na,na,na,na,na,na,na,na,na,na,na,na,na,na,na,na,na,na,na,na,na,na,na,na,na,na,na,na,na
21920,580.0,16594,0.03495239243099916,813.0,478,1.700836820083682,1658.0,691,2.399421128798842,743.0,345,2.1536231884057973,274.0,102,2.6862745098039214,47.0,17,2.764705882352941,15.0,3,5.0,na,na,na,1.0,1,1.0,na,na,na,na,na,na,na,na,na,na,na,na,na,na,na,na,na,na,na,na,na
22585,1732.0,17849,0.09703624852932938,122.0,86,1.4186046511627908,582.0,279,2.086021505376344,18.0,9,2.0,25.0,8,3.125,na,na,na,na,na,na,na,na,na,na,na,na,na,na,na,na,na,na,na,na,na,na,na,na,na,na,na,na,na,na,na,na,na
25671,380.0,17195,0.022099447513812154,936.0,839,1.1156138259833135,203.0,176,1.1534090909090908,28.0,21,1.3333333333333333,na,na,na,na,na,na,na,na,na,na,na,na,na,na,na,na,na,na,na,na,na,na,na,na,na,na,na,na,na,na,na,na,na,na,na,na
28441,148.0,17477,0.008468272586828402,573.0,554,1.0342960288808665,211.0,195,1.082051282051282,5.0,4,1.25,1.0,1,1.0,na,na,na,na,na,na,na,na,na,na,na,na,na,na,na,na,na,na,na,na,na,na,na,na,na,na,na,na,na,na,na,na,na
2933,17.0,18046,0.0009420370165133548,195.0,184,1.059782608695652,1.0,1,1.0,na,na,na,na,na,na,na,na,na,na,na,na,na,na,na,na,na,na,na,na,na,na,na,na,na,na,na,na,na,na,na,na,na,na,na,na,na,na,na
3070,1273.0,16821,0.07567921051067118,656.0,456,1.4385964912280702,1820.0,805,2.260869565217391,471.0,144,3.2708333333333335,14.0,5,2.8,na,na,na,na,na,na,na,na,na,na,na,na,na,na,na,na,na,na,na,na,na,na,na,na,na,na,na,na,na,na,na,na,na
3181,423.0,17656,0.02395786135024921,2304.0,428,5.383177570093458,218.0,99,2.202020202020202,3.0,3,1.0,128.0,30,4.266666666666667,83.0,15,5.533333333333333,na,na,na,na,na,na,na,na,na,na,na,na,na,na,na,na,na,na,na,na,na,na,na,na,na,na,na,na,na,na
33603,384.0,18205,0.021093106289480912,70.0,12,5.833333333333333,20.0,10,2.0,1.0,1,1.0,6.0,1,6.0,11.0,2,5.5,na,na,na,na,na,na,na,na,na,na,na,na,na,na,na,na,na,na,na,na,na,na,na,na,na,na,na,na,na,na
34162,73.0,18110,0.0040309221424627275,147.0,120,1.225,1.0,1,1.0,na,na,na,na,na,na,na,na,na,na,na,na,na,na,na,na,na,na,na,na,na,na,na,na,na,na,na,na,na,na,na,na,na,na,na,na,na,na,na
34652,1594.0,17844,0.08932974669356647,6.0,5,1.2,762.0,363,2.0991735537190084,na,na,na,38.0,19,2.0,na,na,na,na,na,na,na,na,na,na,na,na,na,na,na,na,na,na,na,na,na,na,na,na,na,na,na,na,na,na,na,na,na
35863,21.0,17482,0.0012012355565724745,757.0,747,1.0133868808567603,2.0,2,1.0,na,na,na,na,na,na,na,na,na,na,na,na,na,na,na,na,na,na,na,na,na,na,na,na,na,na,na,na,na,na,na,na,na,na,na,na,na,na,na
35872,332.0,18163,0.018278918680834665,73.0,68,1.0735294117647058,na,na,na,na,na,na,na,na,na,na,na,na,na,na,na,na,na,na,na,na,na,na,na,na,na,na,na,na,na,na,na,na,na,na,na,na,na,na,na,na,na,na
35886,100.0,17582,0.005687635081333181,605.0,601,1.0066555740432612,58.0,46,1.2608695652173914,3.0,2,1.5,na,na,na,na,na,na,na,na,na,na,na,na,na,na,na,na,na,na,na,na,na,na,na,na,na,na,na,na,na,na,na,na,na,na,na,na
35887,63.0,18104,0.003479893946089262,115.0,105,1.0952380952380953,25.0,20,1.25,2.0,2,1.0,na,na,na,na,na,na,na,na,na,na,na,na,na,na,na,na,na,na,na,na,na,na,na,na,na,na,na,na,na,na,na,na,na,na,na,na
35892,9.0,17823,0.000504965494024575,408.0,407,1.0024570024570025,1.0,1,1.0,na,na,na,na,na,na,na,na,na,na,na,na,na,na,na,na,na,na,na,na,na,na,na,na,na,na,na,na,na,na,na,na,na,na,na,na,na,na,na
35893,31.0,16697,0.0018566209498712344,1545.0,1534,1.0071707953063884,na,na,na,na,na,na,na,na,na,na,na,na,na,na,na,na,na,na,na,na,na,na,na,na,na,na,na,na,na,na,na,na,na,na,na,na,na,na,na,na,na,na
35896,4.0,17780,0.0002249718785151856,452.0,451,1.0022172949002217,na,na,na,na,na,na,na,na,na,na,na,na,na,na,na,na,na,na,na,na,na,na,na,na,na,na,na,na,na,na,na,na,na,na,na,na,na,na,na,na,na,na
35898,3.0,17392,0.00017249310027598897,844.0,836,1.0095693779904307,3.0,3,1.0,na,na,na,na,na,na,na,na,na,na,na,na,na,na,na,na,na,na,na,na,na,na,na,na,na,na,na,na,na,na,na,na,na,na,na,na,na,na,na
35900,8.0,17229,0.00046433339137500726,1009.0,1001,1.007992007992008,1.0,1,1.0,na,na,na,na,na,na,na,na,na,na,na,na,na,na,na,na,na,na,na,na,na,na,na,na,na,na,na,na,na,na,na,na,na,na,na,na,na,na,na
35901,8.0,17889,0.0004472021912907373,343.0,341,1.0058651026392962,1.0,1,1.0,na,na,na,na,na,na,na,na,na,na,na,na,na,na,na,na,na,na,na,na,na,na,na,na,na,na,na,na,na,na,na,na,na,na,na,na,na,na,na
35923,672.0,16563,0.04057236007969571,1931.0,1361,1.4188096987509184,285.0,143,1.993006993006993,214.0,101,2.118811881188119,228.0,56,4.071428571428571,2.0,1,2.0,18.0,5,3.6,7.0,1,7.0,na,na,na,na,na,na,na,na,na,na,na,na,na,na,na,na,na,na,na,na,na,na,na,na
36038,225.0,16905,0.013309671694764862,311.0,80,3.8875,1678.0,682,2.4604105571847508,1237.0,387,3.1963824289405687,690.0,174,3.9655172413793105,8.0,2,4.0,2.0,1,2.0,na,na,na,na,na,na,na,na,na,na,na,na,na,na,na,na,na,na,na,na,na,na,na,na,na,na,na
36085,2.0,18040,0.00011086474501108647,73.0,72,1.0138888888888888,117.0,112,1.0446428571428572,14.0,7,2.0,na,na,na,na,na,na,na,na,na,na,na,na,na,na,na,na,na,na,na,na,na,na,na,na,na,na,na,na,na,na,na,na,na,na,na,na
36298,32.0,16844,0.00189978627404417,1361.0,1344,1.0126488095238095,47.0,43,1.0930232558139534,na,na,na,na,na,na,na,na,na,na,na,na,na,na,na,na,na,na,na,na,na,na,na,na,na,na,na,na,na,na,na,na,na,na,na,na,na,na,na
36308,139.0,17801,0.007808550081456098,333.0,330,1.009090909090909,100.0,100,1.0,na,na,na,na,na,na,na,na,na,na,na,na,na,na,na,na,na,na,na,na,na,na,na,na,na,na,na,na,na,na,na,na,na,na,na,na,na,na,na
36374,1345.0,18229,0.07378353173514729,2.0,2,1.0,na,na,na,na,na,na,na,na,na,na,na,na,na,na,na,na,na,na,na,na,na,na,na,na,na,na,na,na,na,na,na,na,na,na,na,na,na,na,na,na,na,na
36493,54.0,17982,0.003003003003003003,219.0,217,1.0092165898617511,36.0,32,1.125,na,na,na,na,na,na,na,na,na,na,na,na,na,na,na,na,na,na,na,na,na,na,na,na,na,na,na,na,na,na,na,na,na,na,na,na,na,na,na
36494,116.0,17997,0.006445518697560704,239.0,234,1.0213675213675213,na,na,na,na,na,na,na,na,na,na,na,na,na,na,na,na,na,na,na,na,na,na,na,na,na,na,na,na,na,na,na,na,na,na,na,na,na,na,na,na,na,na
36535,57.0,17984,0.0031694839857651248,249.0,247,1.008097165991903,na,na,na,na,na,na,na,na,na,na,na,na,na,na,na,na,na,na,na,na,na,na,na,na,na,na,na,na,na,na,na,na,na,na,na,na,na,na,na,na,na,na
36540,28.0,16271,0.0017208530514412144,2014.0,1934,1.0413650465356774,30.0,26,1.1538461538461537,na,na,na,na,na,na,na,na,na,na,na,na,na,na,na,na,na,na,na,na,na,na,na,na,na,na,na,na,na,na,na,na,na,na,na,na,na,na,na
36551,18.0,18109,0.000993980893478381,5.0,5,1.0,4.0,3,1.3333333333333333,286.0,114,2.508771929824561,na,na,na,na,na,na,na,na,na,na,na,na,na,na,na,na,na,na,na,na,na,na,na,na,na,na,na,na,na,na,na,na,na,na,na,na
36554,347.0,17896,0.019389807778274475,377.0,294,1.282312925170068,40.0,35,1.1428571428571428,3.0,2,1.5,7.0,4,1.75,na,na,na,na,na,na,na,na,na,na,na,na,na,na,na,na,na,na,na,na,na,na,na,na,na,na,na,na,na,na,na,na,na
36555,1027.0,16389,0.0626639819391055,809.0,686,1.1793002915451896,652.0,324,2.0123456790123457,1627.0,692,2.351156069364162,425.0,136,3.125,5.0,3,1.6666666666666667,1.0,1,1.0,na,na,na,na,na,na,na,na,na,na,na,na,na,na,na,na,na,na,na,na,na,na,na,na,na,na,na
36556,1164.0,16041,0.07256405461006171,892.0,736,1.2119565217391304,910.0,356,2.556179775280899,2165.0,777,2.786357786357786,697.0,226,3.084070796460177,135.0,77,1.7532467532467533,12.0,4,3.0,11.0,5,2.2,13.0,4,3.25,12.0,5,2.4,na,na,na,na,na,na,na,na,na,na,na,na,na,na,na,na,na,na
36557,507.0,17733,0.028590762984266622,580.0,417,1.3908872901678657,103.0,66,1.5606060606060606,16.0,13,1.2307692307692308,2.0,1,2.0,1.0,1,1.0,na,na,na,na,na,na,na,na,na,na,na,na,na,na,na,na,na,na,na,na,na,na,na,na,na,na,na,na,na,na
36558,455.0,15932,0.028558875219683654,1146.0,910,1.2593406593406593,1823.0,1134,1.6075837742504409,129.0,49,2.63265306122449,329.0,102,3.2254901960784315,25.0,8,3.125,245.0,49,5.0,15.0,6,2.5,140.0,20,7.0,20.0,2,10.0,58.0,8,7.25,3.0,2,1.5,3.0,3,1.0,14.0,4,3.5,1.0,1,1.0,5.0,1,5.0
36560,942.0,13377,0.07041937654182552,4199.0,3583,1.1719229695785653,1784.0,1243,1.4352373290426388,47.0,28,1.6785714285714286,na,na,na,na,na,na,na,na,na,na,na,na,na,na,na,na,na,na,na,na,na,na,na,na,na,na,na,na,na,na,na,na,na,na,na,na
36584,32.0,16843,0.0018998990678620199,1359.0,1332,1.0202702702702702,58.0,56,1.0357142857142858,na,na,na,na,na,na,na,na,na,na,na,na,na,na,na,na,na,na,na,na,na,na,na,na,na,na,na,na,na,na,na,na,na,na,na,na,na,na,na
36592,17.0,17188,0.0009890621363742146,1014.0,995,1.0190954773869347,57.0,44,1.2954545454545454,5.0,4,1.25,na,na,na,na,na,na,na,na,na,na,na,na,na,na,na,na,na,na,na,na,na,na,na,na,na,na,na,na,na,na,na,na,na,na,na,na
36593,36.0,18015,0.0019983347210657783,200.0,193,1.0362694300518134,26.0,23,1.1304347826086956,na,na,na,na,na,na,na,na,na,na,na,na,na,na,na,na,na,na,na,na,na,na,na,na,na,na,na,na,na,na,na,na,na,na,na,na,na,na,na
36608,123.0,17308,0.007106540328171943,965.0,884,1.091628959276018,73.0,39,1.8717948717948718,na,na,na,na,na,na,na,na,na,na,na,na,na,na,na,na,na,na,na,na,na,na,na,na,na,na,na,na,na,na,na,na,na,na,na,na,na,na,na
36625,30.0,18034,0.001663524453809471,188.0,188,1.0,11.0,9,1.2222222222222223,na,na,na,na,na,na,na,na,na,na,na,na,na,na,na,na,na,na,na,na,na,na,na,na,na,na,na,na,na,na,na,na,na,na,na,na,na,na,na
36709,60.0,18021,0.00332944897619444,204.0,201,1.0149253731343284,10.0,9,1.1111111111111112,na,na,na,na,na,na,na,na,na,na,na,na,na,na,na,na,na,na,na,na,na,na,na,na,na,na,na,na,na,na,na,na,na,na,na,na,na,na,na
36940,50.0,18076,0.0027660986944014164,169.0,153,1.1045751633986929,2.0,2,1.0,na,na,na,na,na,na,na,na,na,na,na,na,na,na,na,na,na,na,na,na,na,na,na,na,na,na,na,na,na,na,na,na,na,na,na,na,na,na,na
36941,134.0,17044,0.007862004224360479,1288.0,1066,1.2082551594746718,183.0,120,1.525,1.0,1,1.0,na,na,na,na,na,na,na,na,na,na,na,na,na,na,na,na,na,na,na,na,na,na,na,na,na,na,na,na,na,na,na,na,na,na,na,na
38160,550.0,16455,0.03342449103615922,269.0,199,1.3517587939698492,1228.0,375,3.2746666666666666,1189.0,269,4.4200743494423795,2588.0,439,5.895216400911162,2773.0,438,6.331050228310502,390.0,56,6.964285714285714,na,na,na,na,na,na,na,na,na,na,na,na,na,na,na,na,na,na,na,na,na,na,na,na,na,na,na
38166,240.0,18194,0.013191161921512587,46.0,37,1.2432432432432432,na,na,na,na,na,na,na,na,na,na,na,na,na,na,na,na,na,na,na,na,na,na,na,na,na,na,na,na,na,na,na,na,na,na,na,na,na,na,na,na,na,na
38188,204.0,18125,0.011255172413793103,63.0,30,2.1,206.0,71,2.9014084507042255,16.0,5,3.2,na,na,na,na,na,na,na,na,na,na,na,na,na,na,na,na,na,na,na,na,na,na,na,na,na,na,na,na,na,na,na,na,na,na,na,na
38190,230.0,18231,0.012615874060665899,na,na,na,na,na,na,na,na,na,na,na,na,na,na,na,na,na,na,na,na,na,na,na,na,na,na,na,na,na,na,na,na,na,na,na,na,na,na,na,na,na,na,na,na,na
38191,195.0,18199,0.01071487444365075,30.0,29,1.0344827586206897,3.0,3,1.0,na,na,na,na,na,na,na,na,na,na,na,na,na,na,na,na,na,na,na,na,na,na,na,na,na,na,na,na,na,na,na,na,na,na,na,na,na,na,na
38193,673.0,18089,0.03720493117364144,198.0,142,1.3943661971830985,na,na,na,na,na,na,na,na,na,na,na,na,na,na,na,na,na,na,na,na,na,na,na,na,na,na,na,na,na,na,na,na,na,na,na,na,na,na,na,na,na,na
38197,201.0,17253,0.011650147800382543,789.0,367,2.1498637602179835,1316.0,479,2.7473903966597075,450.0,128,3.515625,8.0,4,2.0,na,na,na,na,na,na,na,na,na,na,na,na,na,na,na,na,na,na,na,na,na,na,na,na,na,na,na,na,na,na,na,na,na
38198,515.0,18024,0.02857301375943187,160.0,86,1.8604651162790697,178.0,86,2.0697674418604652,99.0,35,2.8285714285714287,na,na,na,na,na,na,na,na,na,na,na,na,na,na,na,na,na,na,na,na,na,na,na,na,na,na,na,na,na,na,na,na,na,na,na,na
38199,13.0,17949,0.0007242743328319126,392.0,275,1.4254545454545455,8.0,7,1.1428571428571428,na,na,na,na,na,na,na,na,na,na,na,na,na,na,na,na,na,na,na,na,na,na,na,na,na,na,na,na,na,na,na,na,na,na,na,na,na,na,na
38200,42.0,17726,0.002369400880063184,701.0,483,1.4513457556935818,29.0,22,1.3181818181818181,na,na,na,na,na,na,na,na,na,na,na,na,na,na,na,na,na,na,na,na,na,na,na,na,na,na,na,na,na,na,na,na,na,na,na,na,na,na,na
38202,702.0,17869,0.03928591415300241,509.0,249,2.0441767068273093,68.0,14,4.857142857142857,359.0,64,5.609375,253.0,24,10.541666666666666,90.0,11,8.181818181818182,na,na,na,na,na,na,na,na,na,na,na,na,na,na,na,na,na,na,na,na,na,na,na,na,na,na,na,na,na,na
38206,499.0,16812,0.029681180109445635,1120.0,530,2.1132075471698113,1911.0,556,3.4370503597122304,852.0,145,5.875862068965517,615.0,107,5.747663551401869,472.0,78,6.051282051282051,15.0,1,15.0,7.0,1,7.0,na,na,na,na,na,na,11.0,1,11.0,na,na,na,na,na,na,na,na,na,na,na,na,na,na,na
38207,837.0,17933,0.04667372999498132,391.0,165,2.3696969696969696,314.0,80,3.925,95.0,17,5.588235294117647,22.0,2,11.0,27.0,3,9.0,270.0,31,8.709677419354838,na,na,na,na,na,na,na,na,na,na,na,na,na,na,na,na,na,na,na,na,na,na,na,na,na,na,na
38208,1022.0,17855,0.05723886866423971,620.0,342,1.8128654970760234,76.0,33,2.303030303030303,2.0,1,2.0,na,na,na,na,na,na,na,na,na,na,na,na,na,na,na,na,na,na,na,na,na,na,na,na,na,na,na,na,na,na,na,na,na,na,na,na
38214,843.0,17995,0.0468463462072798,193.0,182,1.0604395604395604,52.0,50,1.04,4.0,4,1.0,na,na,na,na,na,na,na,na,na,na,na,na,na,na,na,na,na,na,na,na,na,na,na,na,na,na,na,na,na,na,na,na,na,na,na,na
38215,594.0,17998,0.03300366707411935,188.0,159,1.1823899371069182,103.0,74,1.3918918918918919,na,na,na,na,na,na,na,na,na,na,na,na,na,na,na,na,na,na,na,na,na,na,na,na,na,na,na,na,na,na,na,na,na,na,na,na,na,na,na
38216,205.0,17768,0.011537595677622692,151.0,117,1.2905982905982907,135.0,83,1.6265060240963856,839.0,248,3.3830645161290325,34.0,14,2.4285714285714284,2.0,1,2.0,na,na,na,na,na,na,na,na,na,na,na,na,na,na,na,na,na,na,na,na,na,na,na,na,na,na,na,na,na,na
38218,1422.0,17630,0.08065796937039138,518.0,389,1.3316195372750643,264.0,164,1.6097560975609757,87.0,48,1.8125,na,na,na,na,na,na,na,na,na,na,na,na,na,na,na,na,na,na,na,na,na,na,na,na,na,na,na,na,na,na,na,na,na,na,na,na
38224,478.0,18042,0.026493736836270924,36.0,17,2.1176470588235294,415.0,152,2.7302631578947367,26.0,17,1.5294117647058822,4.0,1,4.0,na,na,na,na,na,na,na,na,na,na,na,na,na,na,na,na,na,na,na,na,na,na,na,na,na,na,na,na,na,na,na,na,na
38226,691.0,15926,0.04338817028758006,1676.0,1246,1.3451043338683788,942.0,332,2.8373493975903616,196.0,68,2.8823529411764706,1601.0,427,3.749414519906323,356.0,161,2.2111801242236027,190.0,21,9.047619047619047,na,na,na,20.0,6,3.3333333333333335,na,na,na,455.0,43,10.581395348837209,na,na,na,na,na,na,na,na,na,10.0,1,10.0,na,na,na
38228,37.0,18217,0.002031069879782621,3.0,1,3.0,9.0,2,4.5,na,na,na,na,na,na,na,na,na,na,na,na,na,na,na,159.0,11,14.454545454545455,na,na,na,na,na,na,na,na,na,na,na,na,na,na,na,na,na,na,na,na,na
38232,262.0,17442,0.015021213163628025,728.0,507,1.435897435897436,471.0,276,1.7065217391304348,10.0,5,2.0,2.0,1,2.0,na,na,na,na,na,na,na,na,na,na,na,na,na,na,na,na,na,na,na,na,na,na,na,na,na,na,na,na,na,na,na,na,na
38233,152.0,18216,0.00834431269213878,8.0,5,1.6,37.0,10,3.7,na,na,na,na,na,na,na,na,na,na,na,na,na,na,na,na,na,na,na,na,na,na,na,na,na,na,na,na,na,na,na,na,na,na,na,na,na,na,na
38236,257.0,18216,0.014108476064997804,7.0,2,3.5,34.0,13,2.6153846153846154,na,na,na,na,na,na,na,na,na,na,na,na,na,na,na,na,na,na,na,na,na,na,na,na,na,na,na,na,na,na,na,na,na,na,na,na,na,na,na
38238,44.0,18038,0.002439294822042355,195.0,165,1.1818181818181819,58.0,28,2.0714285714285716,na,na,na,na,na,na,na,na,na,na,na,na,na,na,na,na,na,na,na,na,na,na,na,na,na,na,na,na,na,na,na,na,na,na,na,na,na,na,na
38242,34.0,16925,0.0020088626292466766,1.0,1,1.0,2279.0,1114,2.045780969479354,512.0,189,2.708994708994709,4.0,2,2.0,na,na,na,na,na,na,na,na,na,na,na,na,na,na,na,na,na,na,na,na,na,na,na,na,na,na,na,na,na,na,na,na,na
38246,22.0,18085,0.0012164777439867293,6.0,5,1.2,na,na,na,415.0,137,3.0291970802919708,19.0,4,4.75,na,na,na,na,na,na,na,na,na,na,na,na,na,na,na,na,na,na,na,na,na,na,na,na,na,na,na,na,na,na,na,na,na
38247,25.0,18072,0.0013833554670208057,243.0,159,1.528301886792453,na,na,na,na,na,na,na,na,na,na,na,na,na,na,na,na,na,na,na,na,na,na,na,na,na,na,na,na,na,na,na,na,na,na,na,na,na,na,na,na,na,na
38271,1225.0,17970,0.06816917084028937,331.0,157,2.1082802547770703,211.0,104,2.0288461538461537,na,na,na,na,na,na,na,na,na,na,na,na,na,na,na,na,na,na,na,na,na,na,na,na,na,na,na,na,na,na,na,na,na,na,na,na,na,na,na
38272,333.0,18129,0.018368360086049976,117.0,62,1.8870967741935485,79.0,29,2.7241379310344827,40.0,11,3.6363636363636362,na,na,na,na,na,na,na,na,na,na,na,na,na,na,na,na,na,na,na,na,na,na,na,na,na,na,na,na,na,na,na,na,na,na,na,na
38273,115.0,18055,0.006369426751592357,78.0,47,1.6595744680851063,206.0,107,1.925233644859813,33.0,22,1.5,na,na,na,na,na,na,na,na,na,na,na,na,na,na,na,na,na,na,na,na,na,na,na,na,na,na,na,na,na,na,na,na,na,na,na,na
38276,229.0,18227,0.012563779009162232,2.0,1,2.0,na,na,na,5.0,3,1.6666666666666667,na,na,na,na,na,na,na,na,na,na,na,na,na,na,na,na,na,na,na,na,na,na,na,na,na,na,na,na,na,na,na,na,na,na,na,na
38277,26.0,18169,0.0014310088612471794,17.0,8,2.125,1.0,1,1.0,16.0,8,2.0,24.0,6,4.0,163.0,39,4.17948717948718,na,na,na,na,na,na,na,na,na,na,na,na,na,na,na,na,na,na,na,na,na,na,na,na,na,na,na,na,na,na
38279,435.0,17055,0.025505716798592787,1361.0,984,1.383130081300813,408.0,191,2.136125654450262,2.0,1,2.0,na,na,na,na,na,na,na,na,na,na,na,na,na,na,na,na,na,na,na,na,na,na,na,na,na,na,na,na,na,na,na,na,na,na,na,na
38286,1633.0,16599,0.09837942044701488,1863.0,1225,1.5208163265306123,599.0,226,2.650442477876106,184.0,44,4.181818181818182,494.0,72,6.861111111111111,89.0,10,8.9,588.0,53,11.09433962264151,10.0,1,10.0,na,na,na,na,na,na,na,na,na,na,na,na,27.0,1,27.0,na,na,na,na,na,na,na,na,na
38288,815.0,17972,0.04534831960827954,245.0,210,1.1666666666666667,65.0,47,1.3829787234042554,na,na,na,4.0,2,2.0,na,na,na,na,na,na,na,na,na,na,na,na,na,na,na,na,na,na,na,na,na,na,na,na,na,na,na,na,na,na,na,na,na
38318,63.0,18105,0.0034797017398508698,13.0,8,1.625,205.0,110,1.8636363636363635,na,na,na,30.0,8,3.75,na,na,na,na,na,na,na,na,na,na,na,na,na,na,na,na,na,na,na,na,na,na,na,na,na,na,na,na,na,na,na,na,na
38321,218.0,18221,0.011964217112123374,12.0,8,1.5,na,na,na,na,na,na,9.0,2,4.5,na,na,na,na,na,na,na,na,na,na,na,na,na,na,na,na,na,na,na,na,na,na,na,na,na,na,na,na,na,na,na,na,na
38421,865.0,18201,0.047524861271358715,9.0,4,2.25,11.0,6,1.8333333333333333,12.0,4,3.0,44.0,16,2.75,na,na,na,na,na,na,na,na,na,na,na,na,na,na,na,na,na,na,na,na,na,na,na,na,na,na,na,na,na,na,na,na,na
38423,306.0,18220,0.016794731064763996,11.0,11,1.0,na,na,na,na,na,na,na,na,na,na,na,na,na,na,na,na,na,na,na,na,na,na,na,na,na,na,na,na,na,na,na,na,na,na,na,na,na,na,na,na,na,na
38425,584.0,18195,0.03209672987084364,32.0,32,1.0,4.0,4,1.0,na,na,na,na,na,na,na,na,na,na,na,na,na,na,na,na,na,na,na,na,na,na,na,na,na,na,na,na,na,na,na,na,na,na,na,na,na,na,na
39315,200.0,18014,0.011102475852115021,261.0,145,1.8,148.0,71,2.084507042253521,2.0,1,2.0,na,na,na,na,na,na,na,na,na,na,na,na,na,na,na,na,na,na,na,na,na,na,na,na,na,na,na,na,na,na,na,na,na,na,na,na
39317,1164.0,18037,0.06453401341686534,206.0,194,1.0618556701030928,na,na,na,na,na,na,na,na,na,na,na,na,na,na,na,na,na,na,na,na,na,na,na,na,na,na,na,na,na,na,na,na,na,na,na,na,na,na,na,na,na,na
40576,192.0,17823,0.0107725972058576,357.0,282,1.2659574468085106,301.0,72,4.180555555555555,223.0,45,4.955555555555556,51.0,9,5.666666666666667,na,na,na,na,na,na,na,na,na,na,na,na,na,na,na,na,na,na,na,na,na,na,na,na,na,na,na,na,na,na,na,na,na
40584,317.0,17921,0.01768874504770939,393.0,137,2.8686131386861313,451.0,144,3.1319444444444446,48.0,19,2.526315789473684,63.0,10,6.3,na,na,na,na,na,na,na,na,na,na,na,na,na,na,na,na,na,na,na,na,na,na,na,na,na,na,na,na,na,na,na,na,na
40585,216.0,18084,0.011944260119442602,181.0,142,1.2746478873239437,6.0,5,1.2,na,na,na,na,na,na,na,na,na,na,na,na,na,na,na,na,na,na,na,na,na,na,na,na,na,na,na,na,na,na,na,na,na,na,na,na,na,na,na
40609,167.0,18206,0.009172800175766231,85.0,24,3.5416666666666665,4.0,1,4.0,na,na,na,na,na,na,na,na,na,na,na,na,na,na,na,na,na,na,na,na,na,na,na,na,na,na,na,na,na,na,na,na,na,na,na,na,na,na,na
40611,24.0,17988,0.00133422281521014,248.0,237,1.0464135021097047,na,na,na,na,na,na,13.0,3,4.333333333333333,na,na,na,na,na,na,na,na,na,12.0,3,4.0,na,na,na,na,na,na,na,na,na,na,na,na,na,na,na,na,na,na,na,na,na
40943,25.0,17327,0.0014428348819761066,812.0,794,1.022670025188917,113.0,110,1.0272727272727273,na,na,na,na,na,na,na,na,na,na,na,na,na,na,na,na,na,na,na,na,na,na,na,na,na,na,na,na,na,na,na,na,na,na,na,na,na,na,na
41122,236.0,18231,0.012944983818770227,na,na,na,na,na,na,na,na,na,na,na,na,na,na,na,na,na,na,na,na,na,na,na,na,na,na,na,na,na,na,na,na,na,na,na,na,na,na,na,na,na,na,na,na,na
41755,46.0,18068,0.002545937569183086,167.0,163,1.0245398773006136,na,na,na,na,na,na,na,na,na,na,na,na,na,na,na,na,na,na,na,na,na,na,na,na,na,na,na,na,na,na,na,na,na,na,na,na,na,na,na,na,na,na
418,204.0,18021,0.011320126519061096,164.0,149,1.1006711409395973,62.0,61,1.0163934426229508,na,na,na,na,na,na,na,na,na,na,na,na,na,na,na,na,na,na,na,na,na,na,na,na,na,na,na,na,na,na,na,na,na,na,na,na,na,na,na
42317,19.0,18071,0.0010514083337944773,169.0,154,1.0974025974025974,16.0,6,2.6666666666666665,na,na,na,na,na,na,na,na,na,na,na,na,na,na,na,na,na,na,na,na,na,na,na,na,na,na,na,na,na,na,na,na,na,na,na,na,na,na,na
42325,105.0,18140,0.005788313120176406,194.0,90,2.1555555555555554,1.0,1,1.0,na,na,na,na,na,na,na,na,na,na,na,na,na,na,na,na,na,na,na,na,na,na,na,na,na,na,na,na,na,na,na,na,na,na,na,na,na,na,na
42329,60.0,18154,0.003305056736807315,186.0,77,2.4155844155844157,na,na,na,na,na,na,na,na,na,na,na,na,na,na,na,na,na,na,na,na,na,na,na,na,na,na,na,na,na,na,na,na,na,na,na,na,na,na,na,na,na,na
42345,480.0,17951,0.026739457411843352,150.0,94,1.5957446808510638,327.0,151,2.165562913907285,76.0,34,2.235294117647059,2.0,1,2.0,na,na,na,na,na,na,na,na,na,na,na,na,na,na,na,na,na,na,na,na,na,na,na,na,na,na,na,na,na,na,na,na,na
42349,349.0,17808,0.019597933513027854,545.0,187,2.914438502673797,557.0,208,2.6778846153846154,79.0,28,2.8214285714285716,na,na,na,na,na,na,na,na,na,na,na,na,na,na,na,na,na,na,na,na,na,na,na,na,na,na,na,na,na,na,na,na,na,na,na,na
42363,142.0,18178,0.007811640444493344,62.0,15,4.133333333333334,6.0,4,1.5,50.0,18,2.7777777777777777,12.0,3,4.0,3.0,1,3.0,28.0,9,3.111111111111111,9.0,3,3.0,na,na,na,na,na,na,na,na,na,na,na,na,na,na,na,na,na,na,na,na,na,na,na,na
42528,435.0,18191,0.023912923973393438,51.0,16,3.1875,13.0,4,3.25,na,na,na,32.0,14,2.2857142857142856,5.0,1,5.0,24.0,5,4.8,na,na,na,na,na,na,na,na,na,na,na,na,na,na,na,na,na,na,na,na,na,na,na,na,na,na,na
42532,121.0,18101,0.006684713551737473,178.0,93,1.913978494623656,59.0,37,1.5945945945945945,na,na,na,na,na,na,na,na,na,na,na,na,na,na,na,na,na,na,na,na,na,na,na,na,na,na,na,na,na,na,na,na,na,na,na,na,na,na,na
43973,405.0,18111,0.02236210038098393,142.0,109,1.3027522935779816,32.0,11,2.909090909090909,na,na,na,na,na,na,na,na,na,na,na,na,na,na,na,na,na,na,na,na,na,na,na,na,na,na,na,na,na,na,na,na,na,na,na,na,na,na,na
44006,114.0,18128,0.006288614298323036,80.0,77,1.0389610389610389,26.0,26,1.0,na,na,na,na,na,na,na,na,na,na,na,na,na,na,na,na,na,na,na,na,na,na,na,na,na,na,na,na,na,na,na,na,na,na,na,na,na,na,na
44031,102.0,17923,0.005691011549405792,244.0,211,1.1563981042654028,148.0,77,1.922077922077922,34.0,20,1.7,na,na,na,na,na,na,na,na,na,na,na,na,na,na,na,na,na,na,na,na,na,na,na,na,na,na,na,na,na,na,na,na,na,na,na,na
44033,89.0,18060,0.0049280177187153934,167.0,166,1.0060240963855422,5.0,5,1.0,na,na,na,na,na,na,na,na,na,na,na,na,na,na,na,na,na,na,na,na,na,na,na,na,na,na,na,na,na,na,na,na,na,na,na,na,na,na,na
44037,282.0,17773,0.015866764192876835,384.0,316,1.2151898734177216,223.0,142,1.5704225352112675,na,na,na,na,na,na,na,na,na,na,na,na,na,na,na,na,na,na,na,na,na,na,na,na,na,na,na,na,na,na,na,na,na,na,na,na,na,na,na
44038,220.0,13616,0.01615746180963572,4631.0,4526,1.0231992929739284,147.0,89,1.651685393258427,na,na,na,na,na,na,na,na,na,na,na,na,na,na,na,na,na,na,na,na,na,na,na,na,na,na,na,na,na,na,na,na,na,na,na,na,na,na,na
44057,101.0,18085,0.005584738733757258,130.0,129,1.0077519379844961,19.0,17,1.1176470588235294,na,na,na,na,na,na,na,na,na,na,na,na,na,na,na,na,na,na,na,na,na,na,na,na,na,na,na,na,na,na,na,na,na,na,na,na,na,na,na
44165,3.0,17899,0.00016760712888988212,332.0,332,1.0,na,na,na,na,na,na,na,na,na,na,na,na,na,na,na,na,na,na,na,na,na,na,na,na,na,na,na,na,na,na,na,na,na,na,na,na,na,na,na,na,na,na
44419,199.0,17559,0.011333219431630502,645.0,618,1.0436893203883495,55.0,54,1.0185185185185186,na,na,na,na,na,na,na,na,na,na,na,na,na,na,na,na,na,na,na,na,na,na,na,na,na,na,na,na,na,na,na,na,na,na,na,na,na,na,na
44547,58.0,17966,0.0032283201603027943,242.0099999998,235,1.0298297872331914,45.0,30,1.5,na,na,na,na,na,na,na,na,na,na,na,na,na,na,na,na,na,na,na,na,na,na,na,na,na,na,na,na,na,na,na,na,na,na,na,na,na,na,na
44644,547.0,17984,0.030415925266903916,308.0,223,1.3811659192825112,30.0,24,1.25,na,na,na,na,na,na,na,na,na,na,na,na,na,na,na,na,na,na,na,na,na,na,na,na,na,na,na,na,na,na,na,na,na,na,na,na,na,na,na
44680,292.0,17323,0.01685620273624661,1146.0,907,1.2635060639470783,1.0,1,1.0,na,na,na,na,na,na,na,na,na,na,na,na,na,na,na,na,na,na,na,na,na,na,na,na,na,na,na,na,na,na,na,na,na,na,na,na,na,na,na
44696,152.0,18116,0.008390373150805918,1.0,1,1.0,311.0,114,2.7280701754385963,na,na,na,na,na,na,na,na,na,na,na,na,na,na,na,na,na,na,na,na,na,na,na,na,na,na,na,na,na,na,na,na,na,na,na,na,na,na,na
44744,129.0,17918,0.007199464225918072,324.0,310,1.0451612903225806,3.0,3,1.0,na,na,na,na,na,na,na,na,na,na,na,na,na,na,na,na,na,na,na,na,na,na,na,na,na,na,na,na,na,na,na,na,na,na,na,na,na,na,na
44748,20.0,17950,0.0011142061281337048,288.0,268,1.0746268656716418,17.0,13,1.3076923076923077,na,na,na,na,na,na,na,na,na,na,na,na,na,na,na,na,na,na,na,na,na,na,na,na,na,na,na,na,na,na,na,na,na,na,na,na,na,na,na
44763,19.0,17959,0.001057965365554875,7.0,6,1.1666666666666667,344.0,259,1.3281853281853282,1.0,1,1.0,7.0,6,1.1666666666666667,na,na,na,na,na,na,na,na,na,na,na,na,na,na,na,na,na,na,na,na,na,na,na,na,na,na,na,na,na,na,na,na,na
4694,520.0,17504,0.029707495429616086,439.0,267,1.6441947565543071,236.0,136,1.7352941176470589,1041.0,301,3.4584717607973423,na,na,na,na,na,na,59.0,23,2.5652173913043477,na,na,na,na,na,na,na,na,na,na,na,na,na,na,na,na,na,na,na,na,na,na,na,na,na,na,na
47320,411.0,17343,0.023698322089603874,1352.0,690,1.9594202898550726,642.0,197,3.2588832487309647,4.0,1,4.0,na,na,na,na,na,na,na,na,na,na,na,na,na,na,na,na,na,na,na,na,na,na,na,na,na,na,na,na,na,na,na,na,na,na,na,na
51678,2279.0,18012,0.12652675993781923,154.0,69,2.2318840579710146,206.0,45,4.5777777777777775,3.0,3,1.0,188.0,40,4.7,na,na,na,na,na,na,na,na,na,na,na,na,na,na,na,725.0,62,11.693548387096774,na,na,na,na,na,na,na,na,na,na,na,na,na,na,na
52413,183.0,18116,0.01010156767498344,103.0,98,1.0510204081632653,25.0,17,1.4705882352941178,na,na,na,na,na,na,na,na,na,na,na,na,na,na,na,na,na,na,na,na,na,na,na,na,na,na,na,na,na,na,na,na,na,na,na,na,na,na,na
56408,57.0,17533,0.0032510123766611534,689.0,673,1.0237741456166418,25.0,25,1.0,na,na,na,na,na,na,na,na,na,na,na,na,na,na,na,na,na,na,na,na,na,na,na,na,na,na,na,na,na,na,na,na,na,na,na,na,na,na,na
56931,1344.0,17857,0.07526460211681693,2.0,1,2.0,820.0,373,2.1983914209115283,na,na,na,na,na,na,na,na,na,na,na,na,na,na,na,na,na,na,na,na,na,na,na,na,na,na,na,na,na,na,na,na,na,na,na,na,na,na,na
58078,514.0,17188,0.029904584593902724,1095.0,753,1.454183266932271,500.0,250,2.0,114.0,40,2.85,na,na,na,na,na,na,na,na,na,na,na,na,na,na,na,na,na,na,na,na,na,na,na,na,na,na,na,na,na,na,na,na,na,na,na,na
58574,138.0,18116,0.007617575623758004,60.0,57,1.0526315789473684,78.0,51,1.5294117647058822,18.0,7,2.5714285714285716,na,na,na,na,na,na,na,na,na,na,na,na,na,na,na,na,na,na,na,na,na,na,na,na,na,na,na,na,na,na,na,na,na,na,na,na
60945,447.0,18020,0.024805771365149835,242.0,209,1.1578947368421053,3.0,2,1.5,na,na,na,na,na,na,na,na,na,na,na,na,na,na,na,na,na,na,na,na,na,na,na,na,na,na,na,na,na,na,na,na,na,na,na,na,na,na,na
61463,202.0,17736,0.011389264772214705,820.0,473,1.733615221987315,34.0,19,1.7894736842105263,5.0,3,1.6666666666666667,na,na,na,na,na,na,na,na,na,na,na,na,na,na,na,na,na,na,na,na,na,na,na,na,na,na,na,na,na,na,na,na,na,na,na,na
61565,75.0,18101,0.004143417490746368,19.0,12,1.5833333333333333,20.0,9,2.2222222222222223,163.0,68,2.3970588235294117,43.0,19,2.263157894736842,na,na,na,44.0,19,2.3157894736842106,3.0,2,1.5,na,na,na,4.0,1,4.0,na,na,na,na,na,na,na,na,na,na,na,na,na,na,na,na,na,na
63475,403.0,18206,0.022135559705591563,27.0,25,1.08,na,na,na,na,na,na,na,na,na,na,na,na,na,na,na,na,na,na,na,na,na,na,na,na,na,na,na,na,na,na,na,na,na,na,na,na,na,na,na,na,na,na
63951,29.0,17617,0.0016461372537889538,618.0,613,1.0081566068515497,1.0,1,1.0,na,na,na,na,na,na,na,na,na,na,na,na,na,na,na,na,na,na,na,na,na,na,na,na,na,na,na,na,na,na,na,na,na,na,na,na,na,na,na
63952,9.0,17677,0.0005091361656389659,554.0,554,1.0,na,na,na,na,na,na,na,na,na,na,na,na,na,na,na,na,na,na,na,na,na,na,na,na,na,na,na,na,na,na,na,na,na,na,na,na,na,na,na,na,na,na
63953,18.0,18024,0.0009986684420772304,207.0,206,1.0048543689320388,1.0,1,1.0,na,na,na,na,na,na,na,na,na,na,na,na,na,na,na,na,na,na,na,na,na,na,na,na,na,na,na,na,na,na,na,na,na,na,na,na,na,na,na
63955,8.0,17934,0.0004460800713728114,298.0,297,1.0033670033670035,na,na,na,na,na,na,na,na,na,na,na,na,na,na,na,na,na,na,na,na,na,na,na,na,na,na,na,na,na,na,na,na,na,na,na,na,na,na,na,na,na,na
63980,114.0,18085,0.006303566491567597,158.0,109,1.4495412844036697,56.0,34,1.6470588235294117,6.0,3,2.0,na,na,na,na,na,na,na,na,na,na,na,na,na,na,na,na,na,na,na,na,na,na,na,na,na,na,na,na,na,na,na,na,na,na,na,na
6491,202.0,18231,0.011080028522845703,na,na,na,na,na,na,na,na,na,na,na,na,na,na,na,na,na,na,na,na,na,na,na,na,na,na,na,na,na,na,na,na,na,na,na,na,na,na,na,na,na,na,na,na,na
66465,58.0,17727,0.003271845207874993,622.0,494,1.2591093117408907,14.0,10,1.4,na,na,na,na,na,na,na,na,na,na,na,na,na,na,na,na,na,na,na,na,na,na,na,na,na,na,na,na,na,na,na,na,na,na,na,na,na,na,na
66935,402.0,18201,0.022086698533047636,na,na,na,na,na,na,89.0,30,2.966666666666667,na,na,na,na,na,na,na,na,na,na,na,na,na,na,na,na,na,na,na,na,na,na,na,na,na,na,na,na,na,na,na,na,na,na,na,na
67033,26.0,17904,0.00145218945487042,327.0,323,1.0123839009287925,4.0,4,1.0,na,na,na,na,na,na,na,na,na,na,na,na,na,na,na,na,na,na,na,na,na,na,na,na,na,na,na,na,na,na,na,na,na,na,na,na,na,na,na
68686,45.0,18045,0.0024937655860349127,186.0,186,1.0,na,na,na,na,na,na,na,na,na,na,na,na,na,na,na,na,na,na,na,na,na,na,na,na,na,na,na,na,na,na,na,na,na,na,na,na,na,na,na,na,na,na
69064,10.0,18046,0.000554139421478444,175.0,174,1.0057471264367817,14.0,11,1.2727272727272727,na,na,na,na,na,na,na,na,na,na,na,na,na,na,na,na,na,na,na,na,na,na,na,na,na,na,na,na,na,na,na,na,na,na,na,na,na,na,na
69084,826.0,18197,0.045392097598505245,30.0,24,1.25,15.0,10,1.5,na,na,na,na,na,na,na,na,na,na,na,na,na,na,na,na,na,na,na,na,na,na,na,na,na,na,na,na,na,na,na,na,na,na,na,na,na,na,na
69085,509.0,18178,0.028000880184838817,47.0,39,1.205128205128205,15.0,13,1.1538461538461537,1.0,1,1.0,na,na,na,na,na,na,na,na,na,na,na,na,na,na,na,na,na,na,na,na,na,na,na,na,na,na,na,na,na,na,na,na,na,na,na,na
69100,20.0,17893,0.0011177555468619013,292.0,291,1.0034364261168385,49.0,47,1.0425531914893618,na,na,na,na,na,na,na,na,na,na,na,na,na,na,na,na,na,na,na,na,na,na,na,na,na,na,na,na,na,na,na,na,na,na,na,na,na,na,na
70003,125.0,18145,0.006888950124001102,87.0,86,1.0116279069767442,na,na,na,na,na,na,na,na,na,na,na,na,na,na,na,na,na,na,na,na,na,na,na,na,na,na,na,na,na,na,na,na,na,na,na,na,na,na,na,na,na,na
70565,121.0,18149,0.006667033996363436,62.0,52,1.1923076923076923,38.0,28,1.3571428571428572,2.0,2,1.0,na,na,na,na,na,na,na,na,na,na,na,na,na,na,na,na,na,na,na,na,na,na,na,na,na,na,na,na,na,na,na,na,na,na,na,na
71360,19.0,17897,0.0010616304408560093,331.0,329,1.006079027355623,5.0,5,1.0,na,na,na,na,na,na,na,na,na,na,na,na,na,na,na,na,na,na,na,na,na,na,na,na,na,na,na,na,na,na,na,na,na,na,na,na,na,na,na
71976,12.0,18075,0.0006639004149377593,192.0,156,1.2307692307692308,na,na,na,na,na,na,na,na,na,na,na,na,na,na,na,na,na,na,na,na,na,na,na,na,na,na,na,na,na,na,na,na,na,na,na,na,na,na,na,na,na,na
72759,18.0,16884,0.0010660980810234541,1384.0,1347,1.0274684484038605,na,na,na,na,na,na,na,na,na,na,na,na,na,na,na,na,na,na,na,na,na,na,na,na,na,na,na,na,na,na,na,na,na,na,na,na,na,na,na,na,na,na
7414,464.0,18191,0.025507118904953,48.0,30,1.6,18.0,10,1.8,na,na,na,na,na,na,na,na,na,na,na,na,na,na,na,na,na,na,na,na,na,na,na,na,na,na,na,na,na,na,na,na,na,na,na,na,na,na,na
74307,122.0,17972,0.0067883374137547295,4.0,2,2.0,291.0,148,1.9662162162162162,6.0,2,3.0,80.0,20,4.0,377.0,87,4.333333333333333,na,na,na,na,na,na,na,na,na,na,na,na,na,na,na,na,na,na,na,na,na,na,na,na,na,na,na,na,na,na
74507,113.0,18118,0.006236891489126835,19.0,10,1.9,229.0,102,2.2450980392156863,na,na,na,2.0,1,2.0,na,na,na,na,na,na,na,na,na,na,na,na,na,na,na,na,na,na,na,na,na,na,na,na,na,na,na,na,na,na,na,na,na
7482,293.0,18201,0.016098016592494917,25.0,17,1.4705882352941178,22.0,13,1.6923076923076923,na,na,na,na,na,na,na,na,na,na,na,na,na,na,na,na,na,na,na,na,na,na,na,na,na,na,na,na,na,na,na,na,na,na,na,na,na,na,na
74968,63.0,18029,0.0034943701813744525,204.0,200,1.02,2.0,2,1.0,na,na,na,na,na,na,na,na,na,na,na,na,na,na,na,na,na,na,na,na,na,na,na,na,na,na,na,na,na,na,na,na,na,na,na,na,na,na,na
75130,20.0,17676,0.0011314777098891152,539.0,536,1.0055970149253732,19.0,19,1.0,na,na,na,na,na,na,na,na,na,na,na,na,na,na,na,na,na,na,na,na,na,na,na,na,na,na,na,na,na,na,na,na,na,na,na,na,na,na,na
75937,394.0,13736,0.028683750728013976,4683.0,4492,1.042520035618878,3.0,3,1.0,na,na,na,na,na,na,na,na,na,na,na,na,na,na,na,na,na,na,na,na,na,na,na,na,na,na,na,na,na,na,na,na,na,na,na,na,na,na,na
76057,4871.0,16732,0.2911188142481473,1526.0,1495,1.0207357859531772,4.0,4,1.0,na,na,na,na,na,na,na,na,na,na,na,na,na,na,na,na,na,na,na,na,na,na,na,na,na,na,na,na,na,na,na,na,na,na,na,na,na,na,na
78247,152.0,17962,0.00846230931967487,270.0,269,1.003717472118959,na,na,na,na,na,na,na,na,na,na,na,na,na,na,na,na,na,na,na,na,na,na,na,na,na,na,na,na,na,na,na,na,na,na,na,na,na,na,na,na,na,na
79283,64.0,17747,0.0036062433087282355,488.0,478,1.0209205020920502,6.0,6,1.0,na,na,na,na,na,na,na,na,na,na,na,na,na,na,na,na,na,na,na,na,na,na,na,na,na,na,na,na,na,na,na,na,na,na,na,na,na,na,na
79326,21.0,17996,0.0011669259835519004,237.0,235,1.0085106382978724,na,na,na,na,na,na,na,na,na,na,na,na,na,na,na,na,na,na,na,na,na,na,na,na,na,na,na,na,na,na,na,na,na,na,na,na,na,na,na,na,na,na
79548,239.0,18199,0.013132589702730919,33.0,30,1.1,2.0,2,1.0,na,na,na,na,na,na,na,na,na,na,na,na,na,na,na,na,na,na,na,na,na,na,na,na,na,na,na,na,na,na,na,na,na,na,na,na,na,na,na
79550,279.0,18231,0.015303603751851242,na,na,na,na,na,na,na,na,na,na,na,na,na,na,na,na,na,na,na,na,na,na,na,na,na,na,na,na,na,na,na,na,na,na,na,na,na,na,na,na,na,na,na,na,na
79832,106.0,17861,0.005934718100890208,387.0,370,1.045945945945946,na,na,na,na,na,na,na,na,na,na,na,na,na,na,na,na,na,na,na,na,na,na,na,na,na,na,na,na,na,na,na,na,na,na,na,na,na,na,na,na,na,na
80192,123.0,15301,0.008038690281680937,2502.0,2446,1.0228945216680294,696.0,440,1.5818181818181818,70.0,44,1.5909090909090908,na,na,na,na,na,na,na,na,na,na,na,na,na,na,na,na,na,na,na,na,na,na,na,na,na,na,na,na,na,na,na,na,na,na,na,na
80201,257.0,18231,0.014096867972135373,na,na,na,na,na,na,na,na,na,na,na,na,na,na,na,na,na,na,na,na,na,na,na,na,na,na,na,na,na,na,na,na,na,na,na,na,na,na,na,na,na,na,na,na,na
80204,8.0,17827,0.0004487575026644977,405.0,404,1.0024752475247525,na,na,na,na,na,na,na,na,na,na,na,na,na,na,na,na,na,na,na,na,na,na,na,na,na,na,na,na,na,na,na,na,na,na,na,na,na,na,na,na,na,na
80363,281.0,17687,0.015887374908124613,581.0,508,1.1437007874015748,46.0,35,1.3142857142857143,na,na,na,na,na,na,na,na,na,1.0,1,1.0,na,na,na,na,na,na,na,na,na,na,na,na,na,na,na,na,na,na,na,na,na,na,na,na,na,na,na
80545,155.0,18125,0.008551724137931035,98.0,95,1.0315789473684212,11.0,11,1.0,na,na,na,na,na,na,na,na,na,na,na,na,na,na,na,na,na,na,na,na,na,na,na,na,na,na,na,na,na,na,na,na,na,na,na,na,na,na,na
80652,135.0,18073,0.007469706191556466,na,na,na,28.0,14,2.0,173.0,81,2.1358024691358026,na,na,na,229.0,61,3.7540983606557377,7.0,2,3.5,na,na,na,na,na,na,na,na,na,na,na,na,na,na,na,na,na,na,na,na,na,na,na,na,na,na,na
80861,6.0,17692,0.00033913633280578795,540.0,539,1.0018552875695732,na,na,na,na,na,na,na,na,na,na,na,na,na,na,na,na,na,na,na,na,na,na,na,na,na,na,na,na,na,na,na,na,na,na,na,na,na,na,na,na,na,na
80918,228.0,18169,0.012548846937090649,62.0,62,1.0,na,na,na,na,na,na,na,na,na,na,na,na,na,na,na,na,na,na,na,na,na,na,na,na,na,na,na,na,na,na,na,na,na,na,na,na,na,na,na,na,na,na
80950,16.0,17679,0.0009050285649640817,512.0,495,1.0343434343434343,60.0,57,1.0526315789473684,na,na,na,na,na,na,na,na,na,na,na,na,na,na,na,na,na,na,na,na,na,na,na,na,na,na,na,na,na,na,na,na,na,na,na,na,na,na,na
81003,82.0,18062,0.0045399180600155025,171.0,168,1.0178571428571428,2.0,1,2.0,na,na,na,na,na,na,na,na,na,na,na,na,na,na,na,na,na,na,na,na,na,na,na,na,na,na,na,na,na,na,na,na,na,na,na,na,na,na,na
81491,7.0,17784,0.00039361223571749885,447.0,447,1.0,na,na,na,na,na,na,na,na,na,na,na,na,na,na,na,na,na,na,na,na,na,na,na,na,na,na,na,na,na,na,na,na,na,na,na,na,na,na,na,na,na,na
81515,998.0,18229,0.05474792912392342,4.0,2,2.0,na,na,na,na,na,na,na,na,na,na,na,na,na,na,na,na,na,na,na,na,na,na,na,na,na,na,na,na,na,na,na,na,na,na,na,na,na,na,na,na,na,na
81533,269.0,18226,0.01475913530121804,na,na,na,19.0,5,3.8,na,na,na,na,na,na,na,na,na,na,na,na,na,na,na,na,na,na,na,na,na,na,na,na,na,na,na,na,na,na,na,na,na,na,na,na,na,na,na
81812,15.0,17130,0.0008756567425569177,1107.0,1101,1.005449591280654,na,na,na,na,na,na,na,na,na,na,na,na,na,na,na,na,na,na,na,na,na,na,na,na,na,na,na,na,na,na,na,na,na,na,na,na,na,na,na,na,na,na
81910,705.0,18112,0.03892446996466431,138.0,118,1.1694915254237288,na,na,na,na,na,na,na,na,na,na,na,na,na,na,na,na,na,na,na,na,na,na,na,na,na,na,na,1.0,1,1.0,na,na,na,na,na,na,na,na,na,na,na,na
82099,807.0,15549,0.05190044375844106,1220.0,1074,1.1359404096834265,2738.0,1388,1.9726224783861672,264.0,152,1.736842105263158,145.0,65,2.230769230769231,6.0,3,2.0,na,na,na,na,na,na,na,na,na,na,na,na,na,na,na,na,na,na,na,na,na,na,na,na,na,na,na,na,na,na
82171,178.0,18199,0.009780757184460684,27.0,25,1.08,7.0,7,1.0,na,na,na,na,na,na,na,na,na,na,na,na,na,na,na,na,na,na,na,na,na,na,na,na,na,na,na,na,na,na,na,na,na,na,na,na,na,na,na
82480,87.0,17985,0.004837364470391993,262.0,245,1.0693877551020408,1.0,1,1.0,na,na,na,na,na,na,na,na,na,na,na,na,na,na,na,na,na,na,na,na,na,na,na,na,na,na,na,na,na,na,na,na,na,na,na,na,na,na,na
82621,12.0,17658,0.0006795786612300374,576.0,569,1.0123022847100176,4.0,4,1.0,na,na,na,na,na,na,na,na,na,na,na,na,na,na,na,na,na,na,na,na,na,na,na,na,na,na,na,na,na,na,na,na,na,na,na,na,na,na,na
82848,1352.0,18220,0.07420417124039518,11.0,11,1.0,na,na,na,na,na,na,na,na,na,na,na,na,na,na,na,na,na,na,na,na,na,na,na,na,na,na,na,na,na,na,na,na,na,na,na,na,na,na,na,na,na,na
82864,1129.0,18163,0.06215933491163354,112.0,56,2.0,21.0,12,1.75,na,na,na,na,na,na,na,na,na,na,na,na,na,na,na,na,na,na,na,na,na,na,na,na,na,na,na,na,na,na,na,na,na,na,na,na,na,na,na
82955,5.0,17621,0.0002837523409568129,620.0,605,1.024793388429752,5.0,5,1.0,na,na,na,na,na,na,na,na,na,na,na,na,na,na,na,na,na,na,na,na,na,na,na,na,na,na,na,na,na,na,na,na,na,na,na,na,na,na,na
83104,39.0,17221,0.0022646768480343764,722.0,518,1.393822393822394,897.0,488,1.8381147540983607,7.0,4,1.75,na,na,na,na,na,na,na,na,na,na,na,na,na,na,na,na,na,na,na,na,na,na,na,na,na,na,na,na,na,na,na,na,na,na,na,na
83105,330.0,17899,0.018436784177887033,312.0,191,1.6335078534031413,164.0,141,1.1631205673758864,na,na,na,na,na,na,na,na,na,na,na,na,na,na,na,na,na,na,na,na,na,na,na,na,na,na,na,na,na,na,na,na,na,na,na,na,na,na,na
83106,16.0,17209,0.000929746063106514,1095.0,798,1.3721804511278195,442.0,219,2.0182648401826486,6.0,4,1.5,2.0,1,2.0,na,na,na,na,na,na,na,na,na,na,na,na,na,na,na,na,na,na,na,na,na,na,na,na,na,na,na,na,na,na,na,na,na
83164,27.0,17907,0.0015077902496230524,325.0,324,1.0030864197530864,na,na,na,na,na,na,na,na,na,na,na,na,na,na,na,na,na,na,na,na,na,na,na,na,na,na,na,na,na,na,na,na,na,na,na,na,na,na,na,na,na,na
83376,103.0,15781,0.006526836068690197,1758.0,1665,1.055855855855856,1090.0,722,1.5096952908587258,104.0,62,1.6774193548387097,2.0,1,2.0,na,na,na,na,na,na,na,na,na,na,na,na,na,na,na,na,na,na,na,na,na,na,na,na,na,na,na,na,na,na,na,na,na
83916,82.0,18118,0.004525885859366376,145.0,107,1.355140186915888,6.0,6,1.0,na,na,na,na,na,na,na,na,na,na,na,na,na,na,na,na,na,na,na,na,na,na,na,na,na,na,na,na,na,na,na,na,na,na,na,na,na,na,na
84033,14.0,17911,0.000781642566020881,298.0,291,1.0240549828178693,31.0,29,1.0689655172413792,na,na,na,na,na,na,na,na,na,na,na,na,na,na,na,na,na,na,na,na,na,na,na,na,na,na,na,na,na,na,na,na,na,na,na,na,na,na,na
84364,778.0,16582,0.046918345193583406,2406.0,1641,1.4661791590493602,8.0,8,1.0,na,na,na,na,na,na,na,na,na,na,na,na,na,na,na,na,na,na,na,na,na,na,na,na,na,na,na,na,na,na,na,na,na,na,na,na,na,na,na
84773,98.0,18004,0.005443234836702955,229.0,227,1.0088105726872247,na,na,na,na,na,na,na,na,na,na,na,na,na,na,na,na,na,na,na,na,na,na,na,na,na,na,na,na,na,na,na,na,na,na,na,na,na,na,na,na,na,na
85321,450.0,11829,0.0380420999239158,5870.0,5620,1.0444839857651245,927.0,719,1.2892906815020861,108.0,63,1.7142857142857142,na,na,na,na,na,na,na,na,na,na,na,na,na,na,na,na,na,na,na,na,na,na,na,na,na,na,na,na,na,na,na,na,na,na,na,na
86447,13.0,18030,0.0007210205213533001,205.0,201,1.0199004975124377,na,na,na,na,na,na,na,na,na,na,na,na,na,na,na,na,na,na,na,na,na,na,na,na,na,na,na,na,na,na,na,na,na,na,na,na,na,na,na,na,na,na
87191,134.0,17815,0.007521751333146225,419.0,415,1.0096385542168675,1.0,1,1.0,na,na,na,na,na,na,na,na,na,na,na,na,na,na,na,na,na,na,na,na,na,na,na,na,na,na,na,na,na,na,na,na,na,na,na,na,na,na,na
87199,3128.0,18221,0.1716700510400088,10.0,10,1.0,na,na,na,na,na,na,na,na,na,na,na,na,na,na,na,na,na,na,na,na,na,na,na,na,na,na,na,na,na,na,na,na,na,na,na,na,na,na,na,na,na,na
88364,934.0,18122,0.05153956516940735,116.0,100,1.16,9.0,9,1.0,na,na,na,na,na,na,na,na,na,na,na,na,na,na,na,na,na,na,na,na,na,na,na,na,na,na,na,na,na,na,na,na,na,na,na,na,na,na,na
89217,199.0,18128,0.010977493380406001,104.0,103,1.0097087378640777,na,na,na,na,na,na,na,na,na,na,na,na,na,na,na,na,na,na,na,na,na,na,na,na,na,na,na,na,na,na,na,na,na,na,na,na,na,na,na,na,na,na
96188,47.0,18000,0.002611111111111111,237.0,230,1.0304347826086957,na,na,na,na,na,na,na,na,na,na,na,na,na,na,na,na,na,na,na,na,na,na,na,na,na,na,na,na,na,na,na,na,na,na,na,na,na,na,na,na,na,na
